{"__symbolic":"module","version":4,"metadata":{"FontAwesomeModule":{"__symbolic":"class","decorators":[{"__symbolic":"call","expression":{"__symbolic":"reference","module":"@angular/core","name":"NgModule","line":9,"character":1},"arguments":[{"declarations":[{"__symbolic":"reference","name":"FaIconComponent"},{"__symbolic":"reference","name":"FaDuotoneIconComponent"},{"__symbolic":"reference","name":"FaLayersComponent"},{"__symbolic":"reference","name":"FaLayersTextComponent"},{"__symbolic":"reference","name":"FaLayersCounterComponent"},{"__symbolic":"reference","name":"FaStackComponent"},{"__symbolic":"reference","name":"FaStackItemSizeDirective"}],"exports":[{"__symbolic":"reference","name":"FaIconComponent"},{"__symbolic":"reference","name":"FaDuotoneIconComponent"},{"__symbolic":"reference","name":"FaLayersComponent"},{"__symbolic":"reference","name":"FaLayersTextComponent"},{"__symbolic":"reference","name":"FaLayersCounterComponent"},{"__symbolic":"reference","name":"FaStackComponent"},{"__symbolic":"reference","name":"FaStackItemSizeDirective"}],"entryComponents":[{"__symbolic":"reference","name":"FaIconComponent"},{"__symbolic":"reference","name":"FaDuotoneIconComponent"}]}]}],"members":{}},"FaProps":{"__symbolic":"interface"},"FaIconComponent":{"__symbolic":"class","decorators":[{"__symbolic":"call","expression":{"__symbolic":"reference","module":"@angular/core","name":"Component","line":26,"character":1},"arguments":[{"selector":"fa-icon","template":"","host":{"class":"ng-fa-icon","[attr.title]":"title","$quoted$":["[attr.title]"]}}]}],"members":{"icon":[{"__symbolic":"property","decorators":[{"__symbolic":"call","expression":{"__symbolic":"reference","module":"@angular/core","name":"Input","line":35,"character":3}}]}],"title":[{"__symbolic":"property","decorators":[{"__symbolic":"call","expression":{"__symbolic":"reference","module":"@angular/core","name":"Input","line":42,"character":3}}]}],"spin":[{"__symbolic":"property","decorators":[{"__symbolic":"call","expression":{"__symbolic":"reference","module":"@angular/core","name":"Input","line":43,"character":3}}]}],"pulse":[{"__symbolic":"property","decorators":[{"__symbolic":"call","expression":{"__symbolic":"reference","module":"@angular/core","name":"Input","line":44,"character":3}}]}],"mask":[{"__symbolic":"property","decorators":[{"__symbolic":"call","expression":{"__symbolic":"reference","module":"@angular/core","name":"Input","line":45,"character":3}}]}],"styles":[{"__symbolic":"property","decorators":[{"__symbolic":"call","expression":{"__symbolic":"reference","module":"@angular/core","name":"Input","line":46,"character":3}}]}],"flip":[{"__symbolic":"property","decorators":[{"__symbolic":"call","expression":{"__symbolic":"reference","module":"@angular/core","name":"Input","line":47,"character":3}}]}],"size":[{"__symbolic":"property","decorators":[{"__symbolic":"call","expression":{"__symbolic":"reference","module":"@angular/core","name":"Input","line":48,"character":3}}]}],"pull":[{"__symbolic":"property","decorators":[{"__symbolic":"call","expression":{"__symbolic":"reference","module":"@angular/core","name":"Input","line":49,"character":3}}]}],"border":[{"__symbolic":"property","decorators":[{"__symbolic":"call","expression":{"__symbolic":"reference","module":"@angular/core","name":"Input","line":50,"character":3}}]}],"inverse":[{"__symbolic":"property","decorators":[{"__symbolic":"call","expression":{"__symbolic":"reference","module":"@angular/core","name":"Input","line":51,"character":3}}]}],"symbol":[{"__symbolic":"property","decorators":[{"__symbolic":"call","expression":{"__symbolic":"reference","module":"@angular/core","name":"Input","line":52,"character":3}}]}],"rotate":[{"__symbolic":"property","decorators":[{"__symbolic":"call","expression":{"__symbolic":"reference","module":"@angular/core","name":"Input","line":53,"character":3}}]}],"fixedWidth":[{"__symbolic":"property","decorators":[{"__symbolic":"call","expression":{"__symbolic":"reference","module":"@angular/core","name":"Input","line":54,"character":3}}]}],"classes":[{"__symbolic":"property","decorators":[{"__symbolic":"call","expression":{"__symbolic":"reference","module":"@angular/core","name":"Input","line":55,"character":3}}]}],"transform":[{"__symbolic":"property","decorators":[{"__symbolic":"call","expression":{"__symbolic":"reference","module":"@angular/core","name":"Input","line":56,"character":3}}]}],"a11yRole":[{"__symbolic":"property","decorators":[{"__symbolic":"call","expression":{"__symbolic":"reference","module":"@angular/core","name":"Input","line":63,"character":3}}]}],"renderedIconHTML":[{"__symbolic":"property","decorators":[{"__symbolic":"call","expression":{"__symbolic":"reference","module":"@angular/core","name":"HostBinding","line":65,"character":3},"arguments":["innerHTML"]}]}],"__ctor__":[{"__symbolic":"constructor","parameterDecorators":[null,null,null,[{"__symbolic":"call","expression":{"__symbolic":"reference","module":"@angular/core","name":"Optional","line":71,"character":5}}]],"parameters":[{"__symbolic":"reference","module":"@angular/platform-browser","name":"DomSanitizer","line":68,"character":23},{"__symbolic":"reference","name":"FaConfig"},{"__symbolic":"reference","name":"FaIconLibrary"},{"__symbolic":"reference","name":"FaStackItemSizeDirective"}]}],"ngOnChanges":[{"__symbolic":"method"}],"render":[{"__symbolic":"method"}],"findIconDefinition":[{"__symbolic":"method"}],"buildParams":[{"__symbolic":"method"}],"renderIcon":[{"__symbolic":"method"}]}},"FaDuotoneIconComponent":{"__symbolic":"class","extends":{"__symbolic":"reference","name":"FaIconComponent"},"decorators":[{"__symbolic":"call","expression":{"__symbolic":"reference","module":"@angular/core","name":"Component","line":4,"character":1},"arguments":[{"selector":"fa-duotone-icon","template":""}]}],"members":{"swapOpacity":[{"__symbolic":"property","decorators":[{"__symbolic":"call","expression":{"__symbolic":"reference","module":"@angular/core","name":"Input","line":16,"character":3}}]}],"primaryOpacity":[{"__symbolic":"property","decorators":[{"__symbolic":"call","expression":{"__symbolic":"reference","module":"@angular/core","name":"Input","line":24,"character":3}}]}],"secondaryOpacity":[{"__symbolic":"property","decorators":[{"__symbolic":"call","expression":{"__symbolic":"reference","module":"@angular/core","name":"Input","line":32,"character":3}}]}],"primaryColor":[{"__symbolic":"property","decorators":[{"__symbolic":"call","expression":{"__symbolic":"reference","module":"@angular/core","name":"Input","line":40,"character":3}}]}],"secondaryColor":[{"__symbolic":"property","decorators":[{"__symbolic":"call","expression":{"__symbolic":"reference","module":"@angular/core","name":"Input","line":48,"character":3}}]}],"findIconDefinition":[{"__symbolic":"method"}],"buildParams":[{"__symbolic":"method"}]}},"FaConfig":{"__symbolic":"class","decorators":[{"__symbolic":"call","expression":{"__symbolic":"reference","module":"@angular/core","name":"Injectable","line":4,"character":1},"arguments":[{"providedIn":"root"}]}],"members":{},"statics":{"ɵprov":{}}},"FaLayersComponent":{"__symbolic":"class","decorators":[{"__symbolic":"call","expression":{"__symbolic":"reference","module":"@angular/core","name":"Component","line":6,"character":1},"arguments":[{"selector":"fa-layers","template":"\n    <ng-content select=\"fa-icon, fa-duotone-icon, fa-layers-text, fa-layers-counter\"></ng-content>\n  "}]}],"members":{"size":[{"__symbolic":"property","decorators":[{"__symbolic":"call","expression":{"__symbolic":"reference","module":"@angular/core","name":"Input","line":13,"character":3}}]}],"fixedWidth":[{"__symbolic":"property","decorators":[{"__symbolic":"call","expression":{"__symbolic":"reference","module":"@angular/core","name":"Input","line":15,"character":3}},{"__symbolic":"call","expression":{"__symbolic":"reference","module":"@angular/core","name":"HostBinding","line":15,"character":12},"arguments":["class.fa-fw"]}]}],"__ctor__":[{"__symbolic":"constructor","parameters":[{"__symbolic":"reference","module":"@angular/core","name":"Renderer2","line":17,"character":32},{"__symbolic":"reference","module":"@angular/core","name":"ElementRef","line":17,"character":63},{"__symbolic":"reference","name":"FaConfig"}]}],"ngOnInit":[{"__symbolic":"method"}],"ngOnChanges":[{"__symbolic":"method"}]}},"FaLayersTextComponent":{"__symbolic":"class","decorators":[{"__symbolic":"call","expression":{"__symbolic":"reference","module":"@angular/core","name":"Component","line":18,"character":1},"arguments":[{"selector":"fa-layers-text","template":"","host":{"class":"ng-fa-layers-text"}}]}],"members":{"content":[{"__symbolic":"property","decorators":[{"__symbolic":"call","expression":{"__symbolic":"reference","module":"@angular/core","name":"Input","line":26,"character":3}}]}],"title":[{"__symbolic":"property","decorators":[{"__symbolic":"call","expression":{"__symbolic":"reference","module":"@angular/core","name":"Input","line":27,"character":3}}]}],"styles":[{"__symbolic":"property","decorators":[{"__symbolic":"call","expression":{"__symbolic":"reference","module":"@angular/core","name":"Input","line":28,"character":3}}]}],"classes":[{"__symbolic":"property","decorators":[{"__symbolic":"call","expression":{"__symbolic":"reference","module":"@angular/core","name":"Input","line":29,"character":3}}]}],"spin":[{"__symbolic":"property","decorators":[{"__symbolic":"call","expression":{"__symbolic":"reference","module":"@angular/core","name":"Input","line":30,"character":3}}]}],"pulse":[{"__symbolic":"property","decorators":[{"__symbolic":"call","expression":{"__symbolic":"reference","module":"@angular/core","name":"Input","line":31,"character":3}}]}],"flip":[{"__symbolic":"property","decorators":[{"__symbolic":"call","expression":{"__symbolic":"reference","module":"@angular/core","name":"Input","line":32,"character":3}}]}],"size":[{"__symbolic":"property","decorators":[{"__symbolic":"call","expression":{"__symbolic":"reference","module":"@angular/core","name":"Input","line":33,"character":3}}]}],"pull":[{"__symbolic":"property","decorators":[{"__symbolic":"call","expression":{"__symbolic":"reference","module":"@angular/core","name":"Input","line":34,"character":3}}]}],"border":[{"__symbolic":"property","decorators":[{"__symbolic":"call","expression":{"__symbolic":"reference","module":"@angular/core","name":"Input","line":35,"character":3}}]}],"inverse":[{"__symbolic":"property","decorators":[{"__symbolic":"call","expression":{"__symbolic":"reference","module":"@angular/core","name":"Input","line":36,"character":3}}]}],"rotate":[{"__symbolic":"property","decorators":[{"__symbolic":"call","expression":{"__symbolic":"reference","module":"@angular/core","name":"Input","line":37,"character":3}}]}],"fixedWidth":[{"__symbolic":"property","decorators":[{"__symbolic":"call","expression":{"__symbolic":"reference","module":"@angular/core","name":"Input","line":38,"character":3}}]}],"transform":[{"__symbolic":"property","decorators":[{"__symbolic":"call","expression":{"__symbolic":"reference","module":"@angular/core","name":"Input","line":39,"character":3}}]}],"renderedHTML":[{"__symbolic":"property","decorators":[{"__symbolic":"call","expression":{"__symbolic":"reference","module":"@angular/core","name":"HostBinding","line":41,"character":3},"arguments":["innerHTML"]}]}],"__ctor__":[{"__symbolic":"constructor","parameterDecorators":[[{"__symbolic":"call","expression":{"__symbolic":"reference","module":"@angular/core","name":"Optional","line":43,"character":15}}],null],"parameters":[{"__symbolic":"reference","name":"FaLayersComponent"},{"__symbolic":"reference","module":"@angular/platform-browser","name":"DomSanitizer","line":43,"character":80}]}],"ngOnChanges":[{"__symbolic":"method"}],"buildParams":[{"__symbolic":"method"}],"updateContent":[{"__symbolic":"method"}]}},"FaLayersCounterComponent":{"__symbolic":"class","decorators":[{"__symbolic":"call","expression":{"__symbolic":"reference","module":"@angular/core","name":"Component","line":6,"character":1},"arguments":[{"selector":"fa-layers-counter","template":"","host":{"class":"ng-fa-layers-counter"}}]}],"members":{"content":[{"__symbolic":"property","decorators":[{"__symbolic":"call","expression":{"__symbolic":"reference","module":"@angular/core","name":"Input","line":14,"character":3}}]}],"title":[{"__symbolic":"property","decorators":[{"__symbolic":"call","expression":{"__symbolic":"reference","module":"@angular/core","name":"Input","line":15,"character":3}}]}],"styles":[{"__symbolic":"property","decorators":[{"__symbolic":"call","expression":{"__symbolic":"reference","module":"@angular/core","name":"Input","line":16,"character":3}}]}],"classes":[{"__symbolic":"property","decorators":[{"__symbolic":"call","expression":{"__symbolic":"reference","module":"@angular/core","name":"Input","line":17,"character":3}}]}],"renderedHTML":[{"__symbolic":"property","decorators":[{"__symbolic":"call","expression":{"__symbolic":"reference","module":"@angular/core","name":"HostBinding","line":19,"character":3},"arguments":["innerHTML"]}]}],"__ctor__":[{"__symbolic":"constructor","parameterDecorators":[[{"__symbolic":"call","expression":{"__symbolic":"reference","module":"@angular/core","name":"Optional","line":21,"character":15}}],null],"parameters":[{"__symbolic":"reference","name":"FaLayersComponent"},{"__symbolic":"reference","module":"@angular/platform-browser","name":"DomSanitizer","line":21,"character":80}]}],"ngOnChanges":[{"__symbolic":"method"}],"buildParams":[{"__symbolic":"method"}],"updateContent":[{"__symbolic":"method"}]}},"FaStackComponent":{"__symbolic":"class","decorators":[{"__symbolic":"call","expression":{"__symbolic":"reference","module":"@angular/core","name":"Component","line":3,"character":1},"arguments":[{"selector":"fa-stack","template":"\n    <ng-content select=\"fa-icon[stackItemSize],fa-duotone-icon[stackItemSize]\"></ng-content>\n  "}]}],"members":{"size":[{"__symbolic":"property","decorators":[{"__symbolic":"call","expression":{"__symbolic":"reference","module":"@angular/core","name":"Input","line":17,"character":3}}]}],"__ctor__":[{"__symbolic":"constructor","parameters":[{"__symbolic":"reference","module":"@angular/core","name":"Renderer2","line":19,"character":32},{"__symbolic":"reference","module":"@angular/core","name":"ElementRef","line":19,"character":63}]}],"ngOnInit":[{"__symbolic":"method"}],"ngOnChanges":[{"__symbolic":"method"}]}},"FaStackItemSizeDirective":{"__symbolic":"class","decorators":[{"__symbolic":"call","expression":{"__symbolic":"reference","module":"@angular/core","name":"Directive","line":4,"character":1},"arguments":[{"selector":"fa-icon[stackItemSize],fa-duotone-icon[stackItemSize]"}]}],"members":{"stackItemSize":[{"__symbolic":"property","decorators":[{"__symbolic":"call","expression":{"__symbolic":"reference","module":"@angular/core","name":"Input","line":13,"character":3}}]}],"size":[{"__symbolic":"property","decorators":[{"__symbolic":"call","expression":{"__symbolic":"reference","module":"@angular/core","name":"Input","line":18,"character":3}}]}],"ngOnChanges":[{"__symbolic":"method"}]}},"FaIconLibrary":{"__symbolic":"class","decorators":[{"__symbolic":"call","expression":{"__symbolic":"reference","module":"@angular/core","name":"Injectable","line":9,"character":1},"arguments":[{"providedIn":"root"}]}],"members":{"addIcons":[{"__symbolic":"method"}],"addIconPacks":[{"__symbolic":"method"}],"getIconDefinition":[{"__symbolic":"method"}]},"statics":{"ɵprov":{}}},"FaIconLibraryInterface":{"__symbolic":"interface"}},"origins":{"FontAwesomeModule":"./fontawesome.module","FaProps":"./shared/models/props.model","FaIconComponent":"./icon/icon.component","FaDuotoneIconComponent":"./icon/duotone-icon.component","FaConfig":"./config","FaLayersComponent":"./layers/layers.component","FaLayersTextComponent":"./layers/layers-text.component","FaLayersCounterComponent":"./layers/layers-counter.component","FaStackComponent":"./stack/stack.component","FaStackItemSizeDirective":"./stack/stack-item-size.directive","FaIconLibrary":"./icon-library","FaIconLibraryInterface":"./icon-library"},"importAs":"@fortawesome/angular-fontawesome"}