{"__symbolic":"module","version":3,"metadata":{"AngularFontAwesomeComponent":{"__symbolic":"class","decorators":[{"__symbolic":"call","expression":{"__symbolic":"reference","module":"@angular/core","name":"Component"},"arguments":[{"selector":"fa","template":"<i class=\"fa fa-{{ name }}\" aria-hidden=\"true\" [ngClass]=\"optionalClasses\" ></i> ","styles":[""]}]}],"members":{"name":[{"__symbolic":"property","decorators":[{"__symbolic":"call","expression":{"__symbolic":"reference","module":"@angular/core","name":"Input"}}]}],"title":[{"__symbolic":"property","decorators":[{"__symbolic":"call","expression":{"__symbolic":"reference","module":"@angular/core","name":"Input"}}]}],"size":[{"__symbolic":"property","decorators":[{"__symbolic":"call","expression":{"__symbolic":"reference","module":"@angular/core","name":"Input"}}]}],"fixed":[{"__symbolic":"property","decorators":[{"__symbolic":"call","expression":{"__symbolic":"reference","module":"@angular/core","name":"Input"}}]}],"animation":[{"__symbolic":"property","decorators":[{"__symbolic":"call","expression":{"__symbolic":"reference","module":"@angular/core","name":"Input"}}]}],"rotate":[{"__symbolic":"property","decorators":[{"__symbolic":"call","expression":{"__symbolic":"reference","module":"@angular/core","name":"Input"}}]}],"inverse":[{"__symbolic":"property","decorators":[{"__symbolic":"call","expression":{"__symbolic":"reference","module":"@angular/core","name":"Input"}}]}],"__ctor__":[{"__symbolic":"constructor"}],"ngOnInit":[{"__symbolic":"method"}],"addToOptionalClasses":[{"__symbolic":"method"}]}},"AngularFontAwesomeService":{"__symbolic":"class","decorators":[{"__symbolic":"call","expression":{"__symbolic":"reference","module":"@angular/core","name":"Injectable"}}],"members":{"__ctor__":[{"__symbolic":"constructor"}]}},"AngularFontAwesomeModule":{"__symbolic":"class","decorators":[{"__symbolic":"call","expression":{"__symbolic":"reference","module":"@angular/core","name":"NgModule"},"arguments":[{"imports":[{"__symbolic":"reference","module":"@angular/common","name":"CommonModule"}],"declarations":[{"__symbolic":"reference","name":"AngularFontAwesomeComponent"}],"providers":[{"__symbolic":"reference","name":"AngularFontAwesomeService"}],"exports":[{"__symbolic":"reference","name":"AngularFontAwesomeComponent"}]}]}],"members":{}}},"origins":{"AngularFontAwesomeComponent":"./src/component/angular-font-awesome.component","AngularFontAwesomeService":"./src/service/angular-font-awesome.service","AngularFontAwesomeModule":"./src/angular-font-awesome.module"},"importAs":"angular-font-awesome"}